Start(sec),Duration(nsec),CorrId,GrdX,GrdY,GrdZ,BlkX,BlkY,BlkZ,Reg/Trd,StcSMem,DymSMem,Bytes,Thru(MB/s),SrcMemKd,DstMemKd,Device,Ctx,Strm,Name
4.561059,2176,216,,,,,,,,,,1152,529.412,Pageable,Device,Tesla V100-SXM2-16GB (0),1,7,[CUDA memcpy HtoD]
4.561293,1728,227,,,,,,,,,,128,74.074,Pageable,Device,Tesla V100-SXM2-16GB (0),1,7,[CUDA memcpy HtoD]
4.561384,9632,238,,,,,,,,,,73728,7654.485,Pageable,Device,Tesla V100-SXM2-16GB (0),1,7,[CUDA memcpy HtoD]
4.561448,1728,249,,,,,,,,,,256,148.148,Pageable,Device,Tesla V100-SXM2-16GB (0),1,7,[CUDA memcpy HtoD]
4.562150,871006,262,,,,,,,,,,4718592,5417.405,Pageable,Device,Tesla V100-SXM2-16GB (0),1,7,[CUDA memcpy HtoD]
4.563138,1760,273,,,,,,,,,,512,290.909,Pageable,Device,Tesla V100-SXM2-16GB (0),1,7,[CUDA memcpy HtoD]
4.563203,2208,284,,,,,,,,,,5120,2318.841,Pageable,Device,Tesla V100-SXM2-16GB (0),1,7,[CUDA memcpy HtoD]
4.563236,1664,295,,,,,,,,,,40,24.038,Pageable,Device,Tesla V100-SXM2-16GB (0),1,7,[CUDA memcpy HtoD]
4.727399,136703,330,,,,,,,,,,1605632,11745.404,Pinned,Device,Tesla V100-SXM2-16GB (0),1,7,[CUDA memcpy HtoD]
4.727608,2464,341,,,,,,,,,,4096,1662.338,Pinned,Device,Tesla V100-SXM2-16GB (0),1,7,[CUDA memcpy HtoD]
4.729211,4224,385,,,,,,,,,,15360,3636.364,Device,,Tesla V100-SXM2-16GB (0),1,21,[CUDA memset]
4.729233,3712,387,,,,,,,,,,15360,4137.931,Device,,Tesla V100-SXM2-16GB (0),1,22,[CUDA memset]
4.729260,3680,389,,,,,,,,,,15360,4173.913,Device,,Tesla V100-SXM2-16GB (0),1,23,[CUDA memset]
4.729281,3712,391,,,,,,,,,,15360,4137.931,Device,,Tesla V100-SXM2-16GB (0),1,24,[CUDA memset]
4.729968,1696,421,,,,,,,,,,112,66.038,Pageable,Device,Tesla V100-SXM2-16GB (0),1,7,[CUDA memcpy HtoD]
4.732580,210239,544,10816,1,1,8,8,1,63,2304,0,,,,,Tesla V100-SXM2-16GB (0),1,7,"void cudnn::detail::implicit_convolve_sgemm<float, float, 1024, 5, 5, 3, 3, 3, 1, true, false, true>(int, int, int, float const*, int, float*, float*, kernel_conv_params, int, float, float, int, float*, float*, int, int)"
4.733166,115199,550,43264,1,1,128,1,1,16,0,0,,,,,Tesla V100-SXM2-16GB (0),1,7,"void at::native::elementwise_kernel<128, 2, at::native::gpu_kernel_impl<at::native::BinaryFunctor<float, float, float, at::native::AddFunctor<float> > >(at::TensorIteratorBase&, at::native::BinaryFunctor<float, float, float, at::native::AddFunctor<float> > const&)::{lambda(int)#1}>(int, at::native::gpu_kernel_impl<at::native::BinaryFunctor<float, float, float, at::native::AddFunctor<float> > >(at::TensorIteratorBase&, at::native::BinaryFunctor<float, float, float, at::native::AddFunctor<float> > const&)::{lambda(int)#1})"
4.734731,113184,567,21632,1,1,128,1,1,18,0,0,,,,,Tesla V100-SXM2-16GB (0),1,7,"void at::native::vectorized_elementwise_kernel<4, at::native::(anonymous namespace)::launch_clamp_scalar(at::TensorIteratorBase&, c10::Scalar, c10::Scalar, at::native::detail::ClampLimits)::{lambda()#1}::operator()() const::{lambda()#8}::operator()() const::{lambda(float)#1}, at::detail::Array<char*, 2> >(int, at::native::(anonymous namespace)::launch_clamp_scalar(at::TensorIteratorBase&, c10::Scalar, c10::Scalar, at::native::detail::ClampLimits)::{lambda()#1}::operator()() const::{lambda()#8}::operator()() const::{lambda(float)#1}, at::detail::Array<char*, 2>)"
4.740794,4768,688,5,1,1,128,1,1,16,0,0,,,,,Tesla V100-SXM2-16GB (0),1,7,cudnn::gemm::computeOffsetsKernel(cudnn::gemm::ComputeOffsetsParams)
4.741259,887998,691,2304,1,1,128,1,1,128,16384,0,,,,,Tesla V100-SXM2-16GB (0),1,7,volta_scudnn_128x64_relu_interior_nn_v1
4.742148,189535,696,73728,1,1,128,1,1,16,0,0,,,,,Tesla V100-SXM2-16GB (0),1,7,"void at::native::elementwise_kernel<128, 2, at::native::gpu_kernel_impl<at::native::BinaryFunctor<float, float, float, at::native::AddFunctor<float> > >(at::TensorIteratorBase&, at::native::BinaryFunctor<float, float, float, at::native::AddFunctor<float> > const&)::{lambda(int)#1}>(int, at::native::gpu_kernel_impl<at::native::BinaryFunctor<float, float, float, at::native::AddFunctor<float> > >(at::TensorIteratorBase&, at::native::BinaryFunctor<float, float, float, at::native::AddFunctor<float> > const&)::{lambda(int)#1})"
4.750793,186592,745,36864,1,1,128,1,1,18,0,0,,,,,Tesla V100-SXM2-16GB (0),1,7,"void at::native::vectorized_elementwise_kernel<4, at::native::(anonymous namespace)::launch_clamp_scalar(at::TensorIteratorBase&, c10::Scalar, c10::Scalar, at::native::detail::ClampLimits)::{lambda()#1}::operator()() const::{lambda()#8}::operator()() const::{lambda(float)#1}, at::detail::Array<char*, 2> >(int, at::native::(anonymous namespace)::launch_clamp_scalar(at::TensorIteratorBase&, c10::Scalar, c10::Scalar, at::native::detail::ClampLimits)::{lambda()#1}::operator()() const::{lambda()#8}::operator()() const::{lambda(float)#1}, at::detail::Array<char*, 2>)"
4.751050,168576,758,18432,1,1,256,1,1,26,0,0,,,,,Tesla V100-SXM2-16GB (0),1,7,"void at::native::(anonymous namespace)::max_pool_forward_nchw<float, float>(int, float const*, int, int, int, int, int, int, int, int, int, int, int, int, int, float*, long*)"
4.751254,61248,776,640,1,1,256,1,1,45,0,0,,,,,Tesla V100-SXM2-16GB (0),1,7,"void at::native::(anonymous namespace)::fused_dropout_kernel_vec<float, float, unsigned int, 1, 4, bool>(at::cuda::detail::TensorInfo<float, unsigned int>, at::cuda::detail::TensorInfo<float, unsigned int>, at::cuda::detail::TensorInfo<bool, unsigned int>, unsigned int, float, at::PhiloxCudaState)"
4.751463,6048,785,256,1,1,128,1,1,16,0,0,,,,,Tesla V100-SXM2-16GB (0),1,7,"void at::native::elementwise_kernel<128, 2, at::native::gpu_kernel_impl<at::native::(anonymous namespace)::direct_copy_kernel_cuda(at::TensorIteratorBase&)::{lambda()#2}::operator()() const::{lambda()#8}::operator()() const::{lambda(float)#1}>(at::TensorIteratorBase&, at::native::(anonymous namespace)::direct_copy_kernel_cuda(at::TensorIteratorBase&)::{lambda()#2}::operator()() const::{lambda()#8}::operator()() const::{lambda(float)#1} const&)::{lambda(int)#1}>(int, at::native::gpu_kernel_impl<at::native::(anonymous namespace)::direct_copy_kernel_cuda(at::TensorIteratorBase&)::{lambda()#2}::operator()() const::{lambda()#8}::operator()() const::{lambda(float)#1}>(at::TensorIteratorBase&, at::native::(anonymous namespace)::direct_copy_kernel_cuda(at::TensorIteratorBase&)::{lambda()#2}::operator()() const::{lambda()#8}::operator()() const::{lambda(float)#1} const&)::{lambda(int)#1})"
4.751554,2176,805,,,,,,,,,,112,51.471,Pageable,Device,Tesla V100-SXM2-16GB (0),1,7,[CUDA memcpy HtoD]
4.752208,140448,921,4,4,12,256,1,1,55,16384,0,,,,,Tesla V100-SXM2-16GB (0),1,7,volta_sgemm_32x128_tn
4.752350,7935,923,512,1,1,128,1,1,32,0,0,,,,,Tesla V100-SXM2-16GB (0),1,7,"void splitKreduce_kernel<float, float, float>(cublasSplitKParams<float>, float const*, float const*, float*, float const*, float const*)"
4.752358,4224,939,128,1,1,128,1,1,18,0,0,,,,,Tesla V100-SXM2-16GB (0),1,7,"void at::native::vectorized_elementwise_kernel<4, at::native::(anonymous namespace)::launch_clamp_scalar(at::TensorIteratorBase&, c10::Scalar, c10::Scalar, at::native::detail::ClampLimits)::{lambda()#1}::operator()() const::{lambda()#8}::operator()() const::{lambda(float)#1}, at::detail::Array<char*, 2> >(int, at::native::(anonymous namespace)::launch_clamp_scalar(at::TensorIteratorBase&, c10::Scalar, c10::Scalar, at::native::detail::ClampLimits)::{lambda()#1}::operator()() const::{lambda()#8}::operator()() const::{lambda(float)#1}, at::detail::Array<char*, 2>)"
4.752386,4672,958,256,1,1,256,1,1,45,0,0,,,,,Tesla V100-SXM2-16GB (0),1,7,"void at::native::(anonymous namespace)::fused_dropout_kernel_vec<float, float, unsigned int, 1, 4, bool>(at::cuda::detail::TensorInfo<float, unsigned int>, at::cuda::detail::TensorInfo<float, unsigned int>, at::cuda::detail::TensorInfo<bool, unsigned int>, unsigned int, float, at::PhiloxCudaState)"
4.752463,4064,967,20,1,1,128,1,1,16,0,0,,,,,Tesla V100-SXM2-16GB (0),1,7,"void at::native::elementwise_kernel<128, 2, at::native::gpu_kernel_impl<at::native::(anonymous namespace)::direct_copy_kernel_cuda(at::TensorIteratorBase&)::{lambda()#2}::operator()() const::{lambda()#8}::operator()() const::{lambda(float)#1}>(at::TensorIteratorBase&, at::native::(anonymous namespace)::direct_copy_kernel_cuda(at::TensorIteratorBase&)::{lambda()#2}::operator()() const::{lambda()#8}::operator()() const::{lambda(float)#1} const&)::{lambda(int)#1}>(int, at::native::gpu_kernel_impl<at::native::(anonymous namespace)::direct_copy_kernel_cuda(at::TensorIteratorBase&)::{lambda()#2}::operator()() const::{lambda()#8}::operator()() const::{lambda(float)#1}>(at::TensorIteratorBase&, at::native::(anonymous namespace)::direct_copy_kernel_cuda(at::TensorIteratorBase&)::{lambda()#2}::operator()() const::{lambda()#8}::operator()() const::{lambda(float)#1} const&)::{lambda(int)#1})"
4.752504,14176,974,1,16,1,128,1,1,86,32768,0,,,,,Tesla V100-SXM2-16GB (0),1,7,volta_sgemm_32x32_sliced1x4_tn
4.753022,5024,983,32,1,1,16,8,1,18,0,0,,,,,Tesla V100-SXM2-16GB (0),1,7,"void (anonymous namespace)::softmax_warp_forward<float, float, float, 4, true, false>(float*, float const*, int, int, int, bool const*, int, bool)"
4.755546,15008,994,1,1,1,32,1,1,38,256,0,,,,,Tesla V100-SXM2-16GB (0),1,7,"void at::native::(anonymous namespace)::nll_loss_forward_reduce_cuda_kernel_2d<float, float, long>(float*, float*, float*, long*, float*, bool, int, int, int, long)"
4.755680,3808,1004,1,1,1,128,1,1,16,0,0,,,,,Tesla V100-SXM2-16GB (0),1,7,"void at::native::vectorized_elementwise_kernel<4, at::native::FillFunctor<float>, at::detail::Array<char*, 1> >(int, at::native::FillFunctor<float>, at::detail::Array<char*, 1>)"
4.756500,3328,1017,10,1,1,128,1,1,16,0,0,,,,,Tesla V100-SXM2-16GB (0),1,7,"void at::native::vectorized_elementwise_kernel<4, at::native::FillFunctor<float>, at::detail::Array<char*, 1> >(int, at::native::FillFunctor<float>, at::detail::Array<char*, 1>)"
4.756528,9408,1022,1,1,1,32,1,1,32,0,0,,,,,Tesla V100-SXM2-16GB (0),1,7,"void at::native::(anonymous namespace)::nll_loss_backward_reduce_cuda_kernel_2d<float, long>(float*, float*, long*, float*, float*, bool, int, int, int, long)"
4.757066,4416,1033,32,1,1,16,8,1,22,0,0,,,,,Tesla V100-SXM2-16GB (0),1,7,"void (anonymous namespace)::softmax_warp_backward<float, float, float, 4, true>(float*, float const*, float const*, int, int, int)"
4.757221,2112,1058,,,,,,,,,,112,53.030,Pageable,Device,Tesla V100-SXM2-16GB (0),1,7,[CUDA memcpy HtoD]
4.757890,9952,1173,1,16,1,256,1,1,55,16384,0,,,,,Tesla V100-SXM2-16GB (0),1,7,volta_sgemm_128x32_nn
4.757969,12736,1184,2,1,8,256,1,1,82,24576,0,,,,,Tesla V100-SXM2-16GB (0),1,7,volta_sgemm_64x32_sliced1x4_nt
4.757986,4544,1186,10,1,1,128,1,1,32,0,0,,,,,Tesla V100-SXM2-16GB (0),1,7,"void splitKreduce_kernel<float, float, float>(cublasSplitKParams<float>, float const*, float const*, float*, float const*, float const*)"
4.758057,9504,1198,2,1,1,4,64,1,36,16,2048,,,,,Tesla V100-SXM2-16GB (0),1,7,"void at::native::reduce_kernel<256, 2, at::native::ReduceOp<float, at::native::func_wrapper_t<float, at::native::sum_functor<float, float, float>::operator()(at::TensorIterator&)::{lambda(float, float)#1}>, unsigned int, float, 4> >(at::native::ReduceOp<float, at::native::func_wrapper_t<float, at::native::sum_functor<float, float, float>::operator()(at::TensorIterator&)::{lambda(float, float)#1}>, unsigned int, float, 4>)"
4.758172,4576,1216,128,1,1,128,1,1,20,0,0,,,,,Tesla V100-SXM2-16GB (0),1,7,"void at::native::vectorized_elementwise_kernel<4, at::native::(anonymous namespace)::masked_scale_kernel<bool, float, float>(at::Tensor&, at::Tensor const&, at::Tensor const&, float)::{lambda(float, bool)#1}, at::detail::Array<char*, 3> >(int, at::native::(anonymous namespace)::masked_scale_kernel<bool, float, float>(at::Tensor&, at::Tensor const&, at::Tensor const&, float)::{lambda(float, bool)#1}, at::detail::Array<char*, 3>)"
4.758228,4768,1226,128,1,1,128,1,1,19,0,0,,,,,Tesla V100-SXM2-16GB (0),1,7,"void at::native::vectorized_elementwise_kernel<4, at::native::BinaryFunctor<float, float, float, at::native::threshold_kernel_impl<float>(at::TensorIteratorBase&, float, float)::{lambda(float, float)#1}>, at::detail::Array<char*, 3> >(int, at::native::BinaryFunctor<float, float, float, at::native::threshold_kernel_impl<float>(at::TensorIteratorBase&, float, float)::{lambda(float, float)#1}>, at::detail::Array<char*, 3>)"
4.758284,117824,1238,72,8,1,128,1,1,122,12544,0,,,,,Tesla V100-SXM2-16GB (0),1,7,volta_sgemm_128x64_nn
4.758404,1792,1249,,,,,,,,,,1152,642.857,Device,,Tesla V100-SXM2-16GB (0),1,7,[CUDA memset]
4.758408,116703,1251,72,4,2,256,1,1,55,16384,0,,,,,Tesla V100-SXM2-16GB (0),1,7,volta_sgemm_128x32_nt
4.758526,22624,1263,1,1,1,32,4,1,53,16,2048,,,,,Tesla V100-SXM2-16GB (0),1,7,"void at::native::reduce_kernel<128, 4, at::native::ReduceOp<float, at::native::func_wrapper_t<float, at::native::sum_functor<float, float, float>::operator()(at::TensorIterator&)::{lambda(float, float)#1}>, unsigned int, float, 4> >(at::native::ReduceOp<float, at::native::func_wrapper_t<float, at::native::sum_functor<float, float, float>::operator()(at::TensorIterator&)::{lambda(float, float)#1}>, unsigned int, float, 4>)"
4.758549,54176,1283,9216,1,1,128,1,1,20,0,0,,,,,Tesla V100-SXM2-16GB (0),1,7,"void at::native::vectorized_elementwise_kernel<4, at::native::(anonymous namespace)::masked_scale_kernel<bool, float, float>(at::Tensor&, at::Tensor const&, at::Tensor const&, float)::{lambda(float, bool)#1}, at::detail::Array<char*, 3> >(int, at::native::(anonymous namespace)::masked_scale_kernel<bool, float, float>(at::Tensor&, at::Tensor const&, at::Tensor const&, float)::{lambda(float, bool)#1}, at::detail::Array<char*, 3>)"
4.758819,87487,1297,36864,1,1,128,1,1,16,0,0,,,,,Tesla V100-SXM2-16GB (0),1,7,"void at::native::vectorized_elementwise_kernel<4, at::native::FillFunctor<float>, at::detail::Array<char*, 1> >(int, at::native::FillFunctor<float>, at::detail::Array<char*, 1>)"
4.758908,451455,1304,3,512,64,256,1,1,32,0,0,,,,,Tesla V100-SXM2-16GB (0),1,7,"void at::native::(anonymous namespace)::max_pool_backward_nchw<float, float>(float const*, long const*, int, int, int, int, int, int, int, int, int, int, int, int, int, int, float*)"
4.759094,7136,1358,,,,,,,,,,15360,2152.466,Device,,Tesla V100-SXM2-16GB (0),1,33,[CUDA memset]
4.759113,6112,1360,,,,,,,,,,15360,2513.089,Device,,Tesla V100-SXM2-16GB (0),1,34,[CUDA memset]
4.759124,6528,1362,,,,,,,,,,15360,2352.941,Device,,Tesla V100-SXM2-16GB (0),1,35,[CUDA memset]
4.759134,4416,1364,,,,,,,,,,15360,3478.261,Device,,Tesla V100-SXM2-16GB (0),1,36,[CUDA memset]
4.759360,269984,1314,36864,1,1,128,1,1,19,0,0,,,,,Tesla V100-SXM2-16GB (0),1,7,"void at::native::vectorized_elementwise_kernel<4, at::native::BinaryFunctor<float, float, float, at::native::threshold_kernel_impl<float>(at::TensorIteratorBase&, float, float)::{lambda(float, float)#1}>, at::detail::Array<char*, 3> >(int, at::native::BinaryFunctor<float, float, float, at::native::threshold_kernel_impl<float>(at::TensorIteratorBase&, float, float)::{lambda(float, float)#1}>, at::detail::Array<char*, 3>)"
4.759710,1696,1394,,,,,,,,,,112,66.038,Pageable,Device,Tesla V100-SXM2-16GB (0),1,7,[CUDA memcpy HtoD]
4.760711,7968,1516,1,16,1,32,4,1,40,8704,0,,,,,Tesla V100-SXM2-16GB (0),1,7,"void cudnn::winograd::generateWinogradTilesKernel<0, float, float>(cudnn::winograd::GenerateWinogradTilesParams<float, float>)"
4.760733,868702,1518,512,4,2,256,1,1,126,49152,0,,,,,Tesla V100-SXM2-16GB (0),1,7,volta_scudnn_winograd_128x128_ldg1_ldg4_relu_tile148t_nt_v1
4.761605,590719,1537,512,64,1,24,24,1,18,0,0,,,,,Tesla V100-SXM2-16GB (0),1,7,"void flip_filter<float, float>(float*, float const*, int, int, int, int)"
4.762189,211903,1541,1024,1,1,512,1,1,64,0,35904,,,,,Tesla V100-SXM2-16GB (0),1,25,"void fft2d_r2c_32x32<float, false, 0u, false>(float2*, float const*, int, int, int, int, int, int, int, int, int, cudnn::reduced_divisor, bool, int2, int, int)"
4.762348,344991,1539,2048,1,1,512,1,1,64,0,35904,,,,,Tesla V100-SXM2-16GB (0),1,7,"void fft2d_r2c_32x32<float, false, 0u, false>(float2*, float const*, int, int, int, int, int, int, int, int, int, cudnn::reduced_divisor, bool, int2, int, int)"
4.762700,4736,1547,544,1,1,1,1,1,16,0,0,,,,,Tesla V100-SXM2-16GB (0),1,7,"compute_gemm_pointers(float2**, float2 const*, int, float2 const*, int, float2 const*, int, int)"
4.762707,441087,1549,2,1,544,64,1,1,98,9216,0,,,,,Tesla V100-SXM2-16GB (0),1,7,volta_cgemm_32x32_tn
4.763151,26944,1551,128,1,1,512,1,1,62,0,35904,,,,,Tesla V100-SXM2-16GB (0),1,7,"void fft2d_c2r_32x32<float, false, false, 1u, false, false>(float*, float2 const*, int, int, int, int, int, int, int, int, int, float, float, cudnn::reduced_divisor, bool, float*, float*, int2, int, int)"
4.763184,2112,1563,,,,,,,,,,256,121.212,Device,,Tesla V100-SXM2-16GB (0),1,7,[CUDA memset]
4.763189,101087,1565,64,5,1,32,16,1,30,16,2048,,,,,Tesla V100-SXM2-16GB (0),1,7,"void at::native::reduce_kernel<512, 1, at::native::ReduceOp<float, at::native::func_wrapper_t<float, at::native::sum_functor<float, float, float>::operator()(at::TensorIterator&)::{lambda(float, float)#1}>, unsigned int, float, 4> >(at::native::ReduceOp<float, at::native::func_wrapper_t<float, at::native::sum_functor<float, float, float>::operator()(at::TensorIterator&)::{lambda(float, float)#1}>, unsigned int, float, 4>)"
4.763293,157248,1580,21632,1,1,128,1,1,19,0,0,,,,,Tesla V100-SXM2-16GB (0),1,7,"void at::native::vectorized_elementwise_kernel<4, at::native::BinaryFunctor<float, float, float, at::native::threshold_kernel_impl<float>(at::TensorIteratorBase&, float, float)::{lambda(float, float)#1}>, at::detail::Array<char*, 3> >(int, at::native::BinaryFunctor<float, float, float, at::native::threshold_kernel_impl<float>(at::TensorIteratorBase&, float, float)::{lambda(float, float)#1}>, at::detail::Array<char*, 3>)"
4.763453,431967,1602,512,32,1,26,26,1,18,0,0,,,,,Tesla V100-SXM2-16GB (0),1,7,"void flip_filter<float, float>(float*, float const*, int, int, int, int)"
4.763878,23456,1606,32,1,1,512,1,1,64,0,35904,,,,,Tesla V100-SXM2-16GB (0),1,25,"void fft2d_r2c_32x32<float, false, 0u, false>(float2*, float const*, int, int, int, int, int, int, int, int, int, cudnn::reduced_divisor, bool, int2, int, int)"
4.763886,174752,1604,1024,1,1,512,1,1,64,0,35904,,,,,Tesla V100-SXM2-16GB (0),1,7,"void fft2d_r2c_32x32<float, false, 0u, false>(float2*, float const*, int, int, int, int, int, int, int, int, int, cudnn::reduced_divisor, bool, int2, int, int)"
4.764063,4480,1612,544,1,1,1,1,1,16,0,0,,,,,Tesla V100-SXM2-16GB (0),1,7,"compute_gemm_pointers(float2**, float2 const*, int, float2 const*, int, float2 const*, int, int)"
4.764069,97439,1614,4,1,544,128,1,1,61,3072,0,,,,,Tesla V100-SXM2-16GB (0),1,7,"void gemv2T_kernel_val<int, int, float2, float2, float2, 128, 16, 2, 2, false, cublasGemvParams<cublasGemvTensorBatched<float2 const>, cublasGemvTensorBatched<float2>, float2> >(cublasGemvParams<cublasGemvTensorBatched<float2 const>, cublasGemvTensorBatched<float2>, float2>, float2, float2)"
4.764167,11104,1616,2,1,1,512,1,1,62,0,35904,,,,,Tesla V100-SXM2-16GB (0),1,7,"void fft2d_c2r_32x32<float, false, false, 1u, false, false>(float*, float2 const*, int, int, int, int, int, int, int, int, int, float, float, cudnn::reduced_divisor, bool, float*, float*, int2, int, int)"
4.764180,1696,1628,,,,,,,,,,128,75.472,Device,,Tesla V100-SXM2-16GB (0),1,7,[CUDA memset]
4.764184,60608,1630,32,10,1,32,16,1,30,16,2048,,,,,Tesla V100-SXM2-16GB (0),1,7,"void at::native::reduce_kernel<512, 1, at::native::ReduceOp<float, at::native::func_wrapper_t<float, at::native::sum_functor<float, float, float>::operator()(at::TensorIterator&)::{lambda(float, float)#1}>, unsigned int, float, 4> >(at::native::ReduceOp<float, at::native::func_wrapper_t<float, at::native::sum_functor<float, float, float>::operator()(at::TensorIterator&)::{lambda(float, float)#1}>, unsigned int, float, 4>)"
4.764245,4448,1647,1,1,1,128,1,1,16,0,0,,,,,Tesla V100-SXM2-16GB (0),1,7,"void at::native::vectorized_elementwise_kernel<4, at::native::FillFunctor<float>, at::detail::Array<char*, 1> >(int, at::native::FillFunctor<float>, at::detail::Array<char*, 1>)"
4.764251,3424,1659,1,1,1,128,1,1,16,0,0,,,,,Tesla V100-SXM2-16GB (0),1,7,"void at::native::vectorized_elementwise_kernel<4, at::native::FillFunctor<float>, at::detail::Array<char*, 1> >(int, at::native::FillFunctor<float>, at::detail::Array<char*, 1>)"
4.764255,4192,1671,1,1,1,128,1,1,16,0,0,,,,,Tesla V100-SXM2-16GB (0),1,7,"void at::native::vectorized_elementwise_kernel<4, at::native::FillFunctor<float>, at::detail::Array<char*, 1> >(int, at::native::FillFunctor<float>, at::detail::Array<char*, 1>)"
4.764260,3200,1683,1,1,1,128,1,1,16,0,0,,,,,Tesla V100-SXM2-16GB (0),1,7,"void at::native::vectorized_elementwise_kernel<4, at::native::FillFunctor<float>, at::detail::Array<char*, 1> >(int, at::native::FillFunctor<float>, at::detail::Array<char*, 1>)"
4.764264,3264,1695,36,1,1,128,1,1,16,0,0,,,,,Tesla V100-SXM2-16GB (0),1,7,"void at::native::vectorized_elementwise_kernel<4, at::native::FillFunctor<float>, at::detail::Array<char*, 1> >(int, at::native::FillFunctor<float>, at::detail::Array<char*, 1>)"
4.764268,3072,1707,36,1,1,128,1,1,16,0,0,,,,,Tesla V100-SXM2-16GB (0),1,7,"void at::native::vectorized_elementwise_kernel<4, at::native::FillFunctor<float>, at::detail::Array<char*, 1> >(int, at::native::FillFunctor<float>, at::detail::Array<char*, 1>)"
4.764272,2976,1719,1,1,1,128,1,1,16,0,0,,,,,Tesla V100-SXM2-16GB (0),1,7,"void at::native::vectorized_elementwise_kernel<4, at::native::FillFunctor<float>, at::detail::Array<char*, 1> >(int, at::native::FillFunctor<float>, at::detail::Array<char*, 1>)"
4.764276,2976,1731,1,1,1,128,1,1,16,0,0,,,,,Tesla V100-SXM2-16GB (0),1,7,"void at::native::vectorized_elementwise_kernel<4, at::native::FillFunctor<float>, at::detail::Array<char*, 1> >(int, at::native::FillFunctor<float>, at::detail::Array<char*, 1>)"
4.764280,7424,1743,2304,1,1,128,1,1,16,0,0,,,,,Tesla V100-SXM2-16GB (0),1,7,"void at::native::vectorized_elementwise_kernel<4, at::native::FillFunctor<float>, at::detail::Array<char*, 1> >(int, at::native::FillFunctor<float>, at::detail::Array<char*, 1>)"
4.764288,7296,1755,2304,1,1,128,1,1,16,0,0,,,,,Tesla V100-SXM2-16GB (0),1,7,"void at::native::vectorized_elementwise_kernel<4, at::native::FillFunctor<float>, at::detail::Array<char*, 1> >(int, at::native::FillFunctor<float>, at::detail::Array<char*, 1>)"
4.764296,3904,1767,1,1,1,128,1,1,16,0,0,,,,,Tesla V100-SXM2-16GB (0),1,7,"void at::native::vectorized_elementwise_kernel<4, at::native::FillFunctor<float>, at::detail::Array<char*, 1> >(int, at::native::FillFunctor<float>, at::detail::Array<char*, 1>)"
4.764301,2976,1779,1,1,1,128,1,1,16,0,0,,,,,Tesla V100-SXM2-16GB (0),1,7,"void at::native::vectorized_elementwise_kernel<4, at::native::FillFunctor<float>, at::detail::Array<char*, 1> >(int, at::native::FillFunctor<float>, at::detail::Array<char*, 1>)"
4.764305,3040,1791,3,1,1,128,1,1,16,0,0,,,,,Tesla V100-SXM2-16GB (0),1,7,"void at::native::vectorized_elementwise_kernel<4, at::native::FillFunctor<float>, at::detail::Array<char*, 1> >(int, at::native::FillFunctor<float>, at::detail::Array<char*, 1>)"
4.764308,3008,1803,3,1,1,128,1,1,16,0,0,,,,,Tesla V100-SXM2-16GB (0),1,7,"void at::native::vectorized_elementwise_kernel<4, at::native::FillFunctor<float>, at::detail::Array<char*, 1> >(int, at::native::FillFunctor<float>, at::detail::Array<char*, 1>)"
4.764312,3040,1815,1,1,1,128,1,1,16,0,0,,,,,Tesla V100-SXM2-16GB (0),1,7,"void at::native::vectorized_elementwise_kernel<4, at::native::FillFunctor<float>, at::detail::Array<char*, 1> >(int, at::native::FillFunctor<float>, at::detail::Array<char*, 1>)"
4.764316,3008,1827,1,1,1,128,1,1,16,0,0,,,,,Tesla V100-SXM2-16GB (0),1,7,"void at::native::vectorized_elementwise_kernel<4, at::native::FillFunctor<float>, at::detail::Array<char*, 1> >(int, at::native::FillFunctor<float>, at::detail::Array<char*, 1>)"
4.764320,4288,1833,1,1,1,128,1,1,16,0,0,,,,,Tesla V100-SXM2-16GB (0),1,7,"void at::native::vectorized_elementwise_kernel<4, at::native::BUnaryFunctor<float, float, float, at::native::MulFunctor<float> >, at::detail::Array<char*, 2> >(int, at::native::BUnaryFunctor<float, float, float, at::native::MulFunctor<float> >, at::detail::Array<char*, 2>)"
4.764325,4032,1838,1,1,1,128,1,1,24,0,0,,,,,Tesla V100-SXM2-16GB (0),1,7,"void at::native::vectorized_elementwise_kernel<4, at::native::addcmul_cuda_kernel(at::TensorIteratorBase&, c10::Scalar const&)::{lambda()#1}::operator()() const::{lambda()#8}::operator()() const::{lambda(float, float, float)#1}, at::detail::Array<char*, 4> >(int, at::native::addcmul_cuda_kernel(at::TensorIteratorBase&, c10::Scalar const&)::{lambda()#1}::operator()() const::{lambda()#8}::operator()() const::{lambda(float, float, float)#1}, at::detail::Array<char*, 4>)"
4.764330,4160,1846,1,1,1,128,1,1,16,0,0,,,,,Tesla V100-SXM2-16GB (0),1,7,"void at::native::vectorized_elementwise_kernel<4, at::native::BUnaryFunctor<float, float, float, at::native::AddFunctor<float> >, at::detail::Array<char*, 2> >(int, at::native::BUnaryFunctor<float, float, float, at::native::AddFunctor<float> >, at::detail::Array<char*, 2>)"
4.764335,5536,1851,1,1,1,128,1,1,21,0,0,,,,,Tesla V100-SXM2-16GB (0),1,7,"void at::native::vectorized_elementwise_kernel<4, at::native::sqrt_kernel_cuda(at::TensorIteratorBase&)::{lambda()#1}::operator()() const::{lambda()#4}::operator()() const::{lambda(float)#1}, at::detail::Array<char*, 2> >(int, at::native::sqrt_kernel_cuda(at::TensorIteratorBase&)::{lambda()#1}::operator()() const::{lambda()#4}::operator()() const::{lambda(float)#1}, at::detail::Array<char*, 2>)"
4.764341,3520,1859,1,1,1,128,1,1,16,0,0,,,,,Tesla V100-SXM2-16GB (0),1,7,"void at::native::vectorized_elementwise_kernel<4, at::native::BUnaryFunctor<float, float, float, at::native::AddFunctor<float> >, at::detail::Array<char*, 2> >(int, at::native::BUnaryFunctor<float, float, float, at::native::AddFunctor<float> >, at::detail::Array<char*, 2>)"
4.764346,3456,1864,1,1,1,128,1,1,21,0,0,,,,,Tesla V100-SXM2-16GB (0),1,7,"void at::native::vectorized_elementwise_kernel<4, at::native::sqrt_kernel_cuda(at::TensorIteratorBase&)::{lambda()#1}::operator()() const::{lambda()#4}::operator()() const::{lambda(float)#1}, at::detail::Array<char*, 2> >(int, at::native::sqrt_kernel_cuda(at::TensorIteratorBase&)::{lambda()#1}::operator()() const::{lambda()#4}::operator()() const::{lambda(float)#1}, at::detail::Array<char*, 2>)"
4.764350,4928,1869,1,1,1,128,1,1,25,0,0,,,,,Tesla V100-SXM2-16GB (0),1,7,"void at::native::vectorized_elementwise_kernel<4, at::native::BinaryFunctor<float, float, float, at::native::DivFunctor<float> >, at::detail::Array<char*, 3> >(int, at::native::BinaryFunctor<float, float, float, at::native::DivFunctor<float> >, at::detail::Array<char*, 3>)"
4.764356,4672,1874,1,1,1,128,1,1,20,0,0,,,,,Tesla V100-SXM2-16GB (0),1,7,"void at::native::vectorized_elementwise_kernel<4, at::native::BinaryFunctor<float, float, float, at::native::MulFunctor<float> >, at::detail::Array<char*, 3> >(int, at::native::BinaryFunctor<float, float, float, at::native::MulFunctor<float> >, at::detail::Array<char*, 3>)"
4.764362,3232,1879,1,1,1,128,1,1,16,0,0,,,,,Tesla V100-SXM2-16GB (0),1,7,"void at::native::vectorized_elementwise_kernel<4, at::native::BUnaryFunctor<float, float, float, at::native::MulFunctor<float> >, at::detail::Array<char*, 2> >(int, at::native::BUnaryFunctor<float, float, float, at::native::MulFunctor<float> >, at::detail::Array<char*, 2>)"
4.764366,3360,1884,1,1,1,128,1,1,24,0,0,,,,,Tesla V100-SXM2-16GB (0),1,7,"void at::native::vectorized_elementwise_kernel<4, at::native::addcmul_cuda_kernel(at::TensorIteratorBase&, c10::Scalar const&)::{lambda()#1}::operator()() const::{lambda()#8}::operator()() const::{lambda(float, float, float)#1}, at::detail::Array<char*, 4> >(int, at::native::addcmul_cuda_kernel(at::TensorIteratorBase&, c10::Scalar const&)::{lambda()#1}::operator()() const::{lambda()#8}::operator()() const::{lambda(float, float, float)#1}, at::detail::Array<char*, 4>)"
4.764370,3904,1889,1,1,1,128,1,1,20,0,0,,,,,Tesla V100-SXM2-16GB (0),1,7,"void at::native::vectorized_elementwise_kernel<4, at::native::BinaryFunctor<float, float, float, at::native::AddFunctor<float> >, at::detail::Array<char*, 3> >(int, at::native::BinaryFunctor<float, float, float, at::native::AddFunctor<float> >, at::detail::Array<char*, 3>)"
4.764375,3648,1894,1,1,1,128,1,1,16,0,0,,,,,Tesla V100-SXM2-16GB (0),1,7,"void at::native::vectorized_elementwise_kernel<4, at::native::BUnaryFunctor<float, float, float, at::native::MulFunctor<float> >, at::detail::Array<char*, 2> >(int, at::native::BUnaryFunctor<float, float, float, at::native::MulFunctor<float> >, at::detail::Array<char*, 2>)"
4.764379,3232,1899,1,1,1,128,1,1,24,0,0,,,,,Tesla V100-SXM2-16GB (0),1,7,"void at::native::vectorized_elementwise_kernel<4, at::native::addcmul_cuda_kernel(at::TensorIteratorBase&, c10::Scalar const&)::{lambda()#1}::operator()() const::{lambda()#8}::operator()() const::{lambda(float, float, float)#1}, at::detail::Array<char*, 4> >(int, at::native::addcmul_cuda_kernel(at::TensorIteratorBase&, c10::Scalar const&)::{lambda()#1}::operator()() const::{lambda()#8}::operator()() const::{lambda(float, float, float)#1}, at::detail::Array<char*, 4>)"
4.764383,3168,1907,1,1,1,128,1,1,16,0,0,,,,,Tesla V100-SXM2-16GB (0),1,7,"void at::native::vectorized_elementwise_kernel<4, at::native::BUnaryFunctor<float, float, float, at::native::AddFunctor<float> >, at::detail::Array<char*, 2> >(int, at::native::BUnaryFunctor<float, float, float, at::native::AddFunctor<float> >, at::detail::Array<char*, 2>)"
4.764387,3360,1912,1,1,1,128,1,1,21,0,0,,,,,Tesla V100-SXM2-16GB (0),1,7,"void at::native::vectorized_elementwise_kernel<4, at::native::sqrt_kernel_cuda(at::TensorIteratorBase&)::{lambda()#1}::operator()() const::{lambda()#4}::operator()() const::{lambda(float)#1}, at::detail::Array<char*, 2> >(int, at::native::sqrt_kernel_cuda(at::TensorIteratorBase&)::{lambda()#1}::operator()() const::{lambda()#4}::operator()() const::{lambda(float)#1}, at::detail::Array<char*, 2>)"
4.764392,3264,1920,1,1,1,128,1,1,16,0,0,,,,,Tesla V100-SXM2-16GB (0),1,7,"void at::native::vectorized_elementwise_kernel<4, at::native::BUnaryFunctor<float, float, float, at::native::AddFunctor<float> >, at::detail::Array<char*, 2> >(int, at::native::BUnaryFunctor<float, float, float, at::native::AddFunctor<float> >, at::detail::Array<char*, 2>)"
4.764396,3328,1925,1,1,1,128,1,1,21,0,0,,,,,Tesla V100-SXM2-16GB (0),1,7,"void at::native::vectorized_elementwise_kernel<4, at::native::sqrt_kernel_cuda(at::TensorIteratorBase&)::{lambda()#1}::operator()() const::{lambda()#4}::operator()() const::{lambda(float)#1}, at::detail::Array<char*, 2> >(int, at::native::sqrt_kernel_cuda(at::TensorIteratorBase&)::{lambda()#1}::operator()() const::{lambda()#4}::operator()() const::{lambda(float)#1}, at::detail::Array<char*, 2>)"
4.764400,3424,1930,1,1,1,128,1,1,25,0,0,,,,,Tesla V100-SXM2-16GB (0),1,7,"void at::native::vectorized_elementwise_kernel<4, at::native::BinaryFunctor<float, float, float, at::native::DivFunctor<float> >, at::detail::Array<char*, 3> >(int, at::native::BinaryFunctor<float, float, float, at::native::DivFunctor<float> >, at::detail::Array<char*, 3>)"
4.764404,3232,1935,1,1,1,128,1,1,20,0,0,,,,,Tesla V100-SXM2-16GB (0),1,7,"void at::native::vectorized_elementwise_kernel<4, at::native::BinaryFunctor<float, float, float, at::native::MulFunctor<float> >, at::detail::Array<char*, 3> >(int, at::native::BinaryFunctor<float, float, float, at::native::MulFunctor<float> >, at::detail::Array<char*, 3>)"
4.764408,3104,1940,1,1,1,128,1,1,16,0,0,,,,,Tesla V100-SXM2-16GB (0),1,7,"void at::native::vectorized_elementwise_kernel<4, at::native::BUnaryFunctor<float, float, float, at::native::MulFunctor<float> >, at::detail::Array<char*, 2> >(int, at::native::BUnaryFunctor<float, float, float, at::native::MulFunctor<float> >, at::detail::Array<char*, 2>)"
4.764413,3232,1945,1,1,1,128,1,1,24,0,0,,,,,Tesla V100-SXM2-16GB (0),1,7,"void at::native::vectorized_elementwise_kernel<4, at::native::addcmul_cuda_kernel(at::TensorIteratorBase&, c10::Scalar const&)::{lambda()#1}::operator()() const::{lambda()#8}::operator()() const::{lambda(float, float, float)#1}, at::detail::Array<char*, 4> >(int, at::native::addcmul_cuda_kernel(at::TensorIteratorBase&, c10::Scalar const&)::{lambda()#1}::operator()() const::{lambda()#8}::operator()() const::{lambda(float, float, float)#1}, at::detail::Array<char*, 4>)"
4.764417,3328,1950,1,1,1,128,1,1,20,0,0,,,,,Tesla V100-SXM2-16GB (0),1,7,"void at::native::vectorized_elementwise_kernel<4, at::native::BinaryFunctor<float, float, float, at::native::AddFunctor<float> >, at::detail::Array<char*, 3> >(int, at::native::BinaryFunctor<float, float, float, at::native::AddFunctor<float> >, at::detail::Array<char*, 3>)"
4.764421,3904,1955,36,1,1,128,1,1,16,0,0,,,,,Tesla V100-SXM2-16GB (0),1,7,"void at::native::vectorized_elementwise_kernel<4, at::native::BUnaryFunctor<float, float, float, at::native::MulFunctor<float> >, at::detail::Array<char*, 2> >(int, at::native::BUnaryFunctor<float, float, float, at::native::MulFunctor<float> >, at::detail::Array<char*, 2>)"
4.764426,3936,1960,36,1,1,128,1,1,24,0,0,,,,,Tesla V100-SXM2-16GB (0),1,7,"void at::native::vectorized_elementwise_kernel<4, at::native::addcmul_cuda_kernel(at::TensorIteratorBase&, c10::Scalar const&)::{lambda()#1}::operator()() const::{lambda()#8}::operator()() const::{lambda(float, float, float)#1}, at::detail::Array<char*, 4> >(int, at::native::addcmul_cuda_kernel(at::TensorIteratorBase&, c10::Scalar const&)::{lambda()#1}::operator()() const::{lambda()#8}::operator()() const::{lambda(float, float, float)#1}, at::detail::Array<char*, 4>)"
4.764430,3488,1968,36,1,1,128,1,1,16,0,0,,,,,Tesla V100-SXM2-16GB (0),1,7,"void at::native::vectorized_elementwise_kernel<4, at::native::BUnaryFunctor<float, float, float, at::native::AddFunctor<float> >, at::detail::Array<char*, 2> >(int, at::native::BUnaryFunctor<float, float, float, at::native::AddFunctor<float> >, at::detail::Array<char*, 2>)"
4.764434,3776,1973,36,1,1,128,1,1,21,0,0,,,,,Tesla V100-SXM2-16GB (0),1,7,"void at::native::vectorized_elementwise_kernel<4, at::native::sqrt_kernel_cuda(at::TensorIteratorBase&)::{lambda()#1}::operator()() const::{lambda()#4}::operator()() const::{lambda(float)#1}, at::detail::Array<char*, 2> >(int, at::native::sqrt_kernel_cuda(at::TensorIteratorBase&)::{lambda()#1}::operator()() const::{lambda()#4}::operator()() const::{lambda(float)#1}, at::detail::Array<char*, 2>)"
4.764439,3680,1981,36,1,1,128,1,1,16,0,0,,,,,Tesla V100-SXM2-16GB (0),1,7,"void at::native::vectorized_elementwise_kernel<4, at::native::BUnaryFunctor<float, float, float, at::native::AddFunctor<float> >, at::detail::Array<char*, 2> >(int, at::native::BUnaryFunctor<float, float, float, at::native::AddFunctor<float> >, at::detail::Array<char*, 2>)"
4.764444,3456,1986,36,1,1,128,1,1,21,0,0,,,,,Tesla V100-SXM2-16GB (0),1,7,"void at::native::vectorized_elementwise_kernel<4, at::native::sqrt_kernel_cuda(at::TensorIteratorBase&)::{lambda()#1}::operator()() const::{lambda()#4}::operator()() const::{lambda(float)#1}, at::detail::Array<char*, 2> >(int, at::native::sqrt_kernel_cuda(at::TensorIteratorBase&)::{lambda()#1}::operator()() const::{lambda()#4}::operator()() const::{lambda(float)#1}, at::detail::Array<char*, 2>)"
4.764448,3968,1991,36,1,1,128,1,1,25,0,0,,,,,Tesla V100-SXM2-16GB (0),1,7,"void at::native::vectorized_elementwise_kernel<4, at::native::BinaryFunctor<float, float, float, at::native::DivFunctor<float> >, at::detail::Array<char*, 3> >(int, at::native::BinaryFunctor<float, float, float, at::native::DivFunctor<float> >, at::detail::Array<char*, 3>)"
4.764453,3680,1996,36,1,1,128,1,1,20,0,0,,,,,Tesla V100-SXM2-16GB (0),1,7,"void at::native::vectorized_elementwise_kernel<4, at::native::BinaryFunctor<float, float, float, at::native::MulFunctor<float> >, at::detail::Array<char*, 3> >(int, at::native::BinaryFunctor<float, float, float, at::native::MulFunctor<float> >, at::detail::Array<char*, 3>)"
4.764457,3232,2001,36,1,1,128,1,1,16,0,0,,,,,Tesla V100-SXM2-16GB (0),1,7,"void at::native::vectorized_elementwise_kernel<4, at::native::BUnaryFunctor<float, float, float, at::native::MulFunctor<float> >, at::detail::Array<char*, 2> >(int, at::native::BUnaryFunctor<float, float, float, at::native::MulFunctor<float> >, at::detail::Array<char*, 2>)"
4.764461,3360,2006,36,1,1,128,1,1,24,0,0,,,,,Tesla V100-SXM2-16GB (0),1,7,"void at::native::vectorized_elementwise_kernel<4, at::native::addcmul_cuda_kernel(at::TensorIteratorBase&, c10::Scalar const&)::{lambda()#1}::operator()() const::{lambda()#8}::operator()() const::{lambda(float, float, float)#1}, at::detail::Array<char*, 4> >(int, at::native::addcmul_cuda_kernel(at::TensorIteratorBase&, c10::Scalar const&)::{lambda()#1}::operator()() const::{lambda()#8}::operator()() const::{lambda(float, float, float)#1}, at::detail::Array<char*, 4>)"
4.764466,3776,2011,36,1,1,128,1,1,20,0,0,,,,,Tesla V100-SXM2-16GB (0),1,7,"void at::native::vectorized_elementwise_kernel<4, at::native::BinaryFunctor<float, float, float, at::native::AddFunctor<float> >, at::detail::Array<char*, 3> >(int, at::native::BinaryFunctor<float, float, float, at::native::AddFunctor<float> >, at::detail::Array<char*, 3>)"
4.764470,3328,2016,1,1,1,128,1,1,16,0,0,,,,,Tesla V100-SXM2-16GB (0),1,7,"void at::native::vectorized_elementwise_kernel<4, at::native::BUnaryFunctor<float, float, float, at::native::MulFunctor<float> >, at::detail::Array<char*, 2> >(int, at::native::BUnaryFunctor<float, float, float, at::native::MulFunctor<float> >, at::detail::Array<char*, 2>)"
4.764474,3360,2021,1,1,1,128,1,1,24,0,0,,,,,Tesla V100-SXM2-16GB (0),1,7,"void at::native::vectorized_elementwise_kernel<4, at::native::addcmul_cuda_kernel(at::TensorIteratorBase&, c10::Scalar const&)::{lambda()#1}::operator()() const::{lambda()#8}::operator()() const::{lambda(float, float, float)#1}, at::detail::Array<char*, 4> >(int, at::native::addcmul_cuda_kernel(at::TensorIteratorBase&, c10::Scalar const&)::{lambda()#1}::operator()() const::{lambda()#8}::operator()() const::{lambda(float, float, float)#1}, at::detail::Array<char*, 4>)"
4.764479,3104,2029,1,1,1,128,1,1,16,0,0,,,,,Tesla V100-SXM2-16GB (0),1,7,"void at::native::vectorized_elementwise_kernel<4, at::native::BUnaryFunctor<float, float, float, at::native::AddFunctor<float> >, at::detail::Array<char*, 2> >(int, at::native::BUnaryFunctor<float, float, float, at::native::AddFunctor<float> >, at::detail::Array<char*, 2>)"
4.764483,3296,2034,1,1,1,128,1,1,21,0,0,,,,,Tesla V100-SXM2-16GB (0),1,7,"void at::native::vectorized_elementwise_kernel<4, at::native::sqrt_kernel_cuda(at::TensorIteratorBase&)::{lambda()#1}::operator()() const::{lambda()#4}::operator()() const::{lambda(float)#1}, at::detail::Array<char*, 2> >(int, at::native::sqrt_kernel_cuda(at::TensorIteratorBase&)::{lambda()#1}::operator()() const::{lambda()#4}::operator()() const::{lambda(float)#1}, at::detail::Array<char*, 2>)"
4.764487,3296,2042,1,1,1,128,1,1,16,0,0,,,,,Tesla V100-SXM2-16GB (0),1,7,"void at::native::vectorized_elementwise_kernel<4, at::native::BUnaryFunctor<float, float, float, at::native::AddFunctor<float> >, at::detail::Array<char*, 2> >(int, at::native::BUnaryFunctor<float, float, float, at::native::AddFunctor<float> >, at::detail::Array<char*, 2>)"
4.764491,3296,2047,1,1,1,128,1,1,21,0,0,,,,,Tesla V100-SXM2-16GB (0),1,7,"void at::native::vectorized_elementwise_kernel<4, at::native::sqrt_kernel_cuda(at::TensorIteratorBase&)::{lambda()#1}::operator()() const::{lambda()#4}::operator()() const::{lambda(float)#1}, at::detail::Array<char*, 2> >(int, at::native::sqrt_kernel_cuda(at::TensorIteratorBase&)::{lambda()#1}::operator()() const::{lambda()#4}::operator()() const::{lambda(float)#1}, at::detail::Array<char*, 2>)"
4.764495,3392,2052,1,1,1,128,1,1,25,0,0,,,,,Tesla V100-SXM2-16GB (0),1,7,"void at::native::vectorized_elementwise_kernel<4, at::native::BinaryFunctor<float, float, float, at::native::DivFunctor<float> >, at::detail::Array<char*, 3> >(int, at::native::BinaryFunctor<float, float, float, at::native::DivFunctor<float> >, at::detail::Array<char*, 3>)"
4.764499,3200,2057,1,1,1,128,1,1,20,0,0,,,,,Tesla V100-SXM2-16GB (0),1,7,"void at::native::vectorized_elementwise_kernel<4, at::native::BinaryFunctor<float, float, float, at::native::MulFunctor<float> >, at::detail::Array<char*, 3> >(int, at::native::BinaryFunctor<float, float, float, at::native::MulFunctor<float> >, at::detail::Array<char*, 3>)"
4.764503,3136,2062,1,1,1,128,1,1,16,0,0,,,,,Tesla V100-SXM2-16GB (0),1,7,"void at::native::vectorized_elementwise_kernel<4, at::native::BUnaryFunctor<float, float, float, at::native::MulFunctor<float> >, at::detail::Array<char*, 2> >(int, at::native::BUnaryFunctor<float, float, float, at::native::MulFunctor<float> >, at::detail::Array<char*, 2>)"
4.764507,3296,2067,1,1,1,128,1,1,24,0,0,,,,,Tesla V100-SXM2-16GB (0),1,7,"void at::native::vectorized_elementwise_kernel<4, at::native::addcmul_cuda_kernel(at::TensorIteratorBase&, c10::Scalar const&)::{lambda()#1}::operator()() const::{lambda()#8}::operator()() const::{lambda(float, float, float)#1}, at::detail::Array<char*, 4> >(int, at::native::addcmul_cuda_kernel(at::TensorIteratorBase&, c10::Scalar const&)::{lambda()#1}::operator()() const::{lambda()#8}::operator()() const::{lambda(float, float, float)#1}, at::detail::Array<char*, 4>)"
4.764511,3360,2072,1,1,1,128,1,1,20,0,0,,,,,Tesla V100-SXM2-16GB (0),1,7,"void at::native::vectorized_elementwise_kernel<4, at::native::BinaryFunctor<float, float, float, at::native::AddFunctor<float> >, at::detail::Array<char*, 3> >(int, at::native::BinaryFunctor<float, float, float, at::native::AddFunctor<float> >, at::detail::Array<char*, 3>)"
4.764516,14208,2077,2304,1,1,128,1,1,16,0,0,,,,,Tesla V100-SXM2-16GB (0),1,7,"void at::native::vectorized_elementwise_kernel<4, at::native::BUnaryFunctor<float, float, float, at::native::MulFunctor<float> >, at::detail::Array<char*, 2> >(int, at::native::BUnaryFunctor<float, float, float, at::native::MulFunctor<float> >, at::detail::Array<char*, 2>)"
4.764531,15904,2082,2304,1,1,128,1,1,24,0,0,,,,,Tesla V100-SXM2-16GB (0),1,7,"void at::native::vectorized_elementwise_kernel<4, at::native::addcmul_cuda_kernel(at::TensorIteratorBase&, c10::Scalar const&)::{lambda()#1}::operator()() const::{lambda()#8}::operator()() const::{lambda(float, float, float)#1}, at::detail::Array<char*, 4> >(int, at::native::addcmul_cuda_kernel(at::TensorIteratorBase&, c10::Scalar const&)::{lambda()#1}::operator()() const::{lambda()#8}::operator()() const::{lambda(float, float, float)#1}, at::detail::Array<char*, 4>)"
4.764547,11584,2090,2304,1,1,128,1,1,16,0,0,,,,,Tesla V100-SXM2-16GB (0),1,7,"void at::native::vectorized_elementwise_kernel<4, at::native::BUnaryFunctor<float, float, float, at::native::AddFunctor<float> >, at::detail::Array<char*, 2> >(int, at::native::BUnaryFunctor<float, float, float, at::native::AddFunctor<float> >, at::detail::Array<char*, 2>)"
4.764560,9631,2095,2304,1,1,128,1,1,21,0,0,,,,,Tesla V100-SXM2-16GB (0),1,7,"void at::native::vectorized_elementwise_kernel<4, at::native::sqrt_kernel_cuda(at::TensorIteratorBase&)::{lambda()#1}::operator()() const::{lambda()#4}::operator()() const::{lambda(float)#1}, at::detail::Array<char*, 2> >(int, at::native::sqrt_kernel_cuda(at::TensorIteratorBase&)::{lambda()#1}::operator()() const::{lambda()#4}::operator()() const::{lambda(float)#1}, at::detail::Array<char*, 2>)"
4.764570,15040,2103,2304,1,1,128,1,1,16,0,0,,,,,Tesla V100-SXM2-16GB (0),1,7,"void at::native::vectorized_elementwise_kernel<4, at::native::BUnaryFunctor<float, float, float, at::native::AddFunctor<float> >, at::detail::Array<char*, 2> >(int, at::native::BUnaryFunctor<float, float, float, at::native::AddFunctor<float> >, at::detail::Array<char*, 2>)"
4.764586,8736,2108,2304,1,1,128,1,1,21,0,0,,,,,Tesla V100-SXM2-16GB (0),1,7,"void at::native::vectorized_elementwise_kernel<4, at::native::sqrt_kernel_cuda(at::TensorIteratorBase&)::{lambda()#1}::operator()() const::{lambda()#4}::operator()() const::{lambda(float)#1}, at::detail::Array<char*, 2> >(int, at::native::sqrt_kernel_cuda(at::TensorIteratorBase&)::{lambda()#1}::operator()() const::{lambda()#4}::operator()() const::{lambda(float)#1}, at::detail::Array<char*, 2>)"
4.764596,16256,2113,2304,1,1,128,1,1,25,0,0,,,,,Tesla V100-SXM2-16GB (0),1,7,"void at::native::vectorized_elementwise_kernel<4, at::native::BinaryFunctor<float, float, float, at::native::DivFunctor<float> >, at::detail::Array<char*, 3> >(int, at::native::BinaryFunctor<float, float, float, at::native::DivFunctor<float> >, at::detail::Array<char*, 3>)"
4.764613,18240,2118,2304,1,1,128,1,1,20,0,0,,,,,Tesla V100-SXM2-16GB (0),1,7,"void at::native::vectorized_elementwise_kernel<4, at::native::BinaryFunctor<float, float, float, at::native::MulFunctor<float> >, at::detail::Array<char*, 3> >(int, at::native::BinaryFunctor<float, float, float, at::native::MulFunctor<float> >, at::detail::Array<char*, 3>)"
4.764632,15232,2123,2304,1,1,128,1,1,16,0,0,,,,,Tesla V100-SXM2-16GB (0),1,7,"void at::native::vectorized_elementwise_kernel<4, at::native::BUnaryFunctor<float, float, float, at::native::MulFunctor<float> >, at::detail::Array<char*, 2> >(int, at::native::BUnaryFunctor<float, float, float, at::native::MulFunctor<float> >, at::detail::Array<char*, 2>)"
4.764648,16224,2128,2304,1,1,128,1,1,24,0,0,,,,,Tesla V100-SXM2-16GB (0),1,7,"void at::native::vectorized_elementwise_kernel<4, at::native::addcmul_cuda_kernel(at::TensorIteratorBase&, c10::Scalar const&)::{lambda()#1}::operator()() const::{lambda()#8}::operator()() const::{lambda(float, float, float)#1}, at::detail::Array<char*, 4> >(int, at::native::addcmul_cuda_kernel(at::TensorIteratorBase&, c10::Scalar const&)::{lambda()#1}::operator()() const::{lambda()#8}::operator()() const::{lambda(float, float, float)#1}, at::detail::Array<char*, 4>)"
4.764665,20960,2133,2304,1,1,128,1,1,20,0,0,,,,,Tesla V100-SXM2-16GB (0),1,7,"void at::native::vectorized_elementwise_kernel<4, at::native::BinaryFunctor<float, float, float, at::native::AddFunctor<float> >, at::detail::Array<char*, 3> >(int, at::native::BinaryFunctor<float, float, float, at::native::AddFunctor<float> >, at::detail::Array<char*, 3>)"
4.764687,3712,2138,1,1,1,128,1,1,16,0,0,,,,,Tesla V100-SXM2-16GB (0),1,7,"void at::native::vectorized_elementwise_kernel<4, at::native::BUnaryFunctor<float, float, float, at::native::MulFunctor<float> >, at::detail::Array<char*, 2> >(int, at::native::BUnaryFunctor<float, float, float, at::native::MulFunctor<float> >, at::detail::Array<char*, 2>)"
4.764691,3680,2143,1,1,1,128,1,1,24,0,0,,,,,Tesla V100-SXM2-16GB (0),1,7,"void at::native::vectorized_elementwise_kernel<4, at::native::addcmul_cuda_kernel(at::TensorIteratorBase&, c10::Scalar const&)::{lambda()#1}::operator()() const::{lambda()#8}::operator()() const::{lambda(float, float, float)#1}, at::detail::Array<char*, 4> >(int, at::native::addcmul_cuda_kernel(at::TensorIteratorBase&, c10::Scalar const&)::{lambda()#1}::operator()() const::{lambda()#8}::operator()() const::{lambda(float, float, float)#1}, at::detail::Array<char*, 4>)"
4.764696,3136,2151,1,1,1,128,1,1,16,0,0,,,,,Tesla V100-SXM2-16GB (0),1,7,"void at::native::vectorized_elementwise_kernel<4, at::native::BUnaryFunctor<float, float, float, at::native::AddFunctor<float> >, at::detail::Array<char*, 2> >(int, at::native::BUnaryFunctor<float, float, float, at::native::AddFunctor<float> >, at::detail::Array<char*, 2>)"
4.764700,3904,2156,1,1,1,128,1,1,21,0,0,,,,,Tesla V100-SXM2-16GB (0),1,7,"void at::native::vectorized_elementwise_kernel<4, at::native::sqrt_kernel_cuda(at::TensorIteratorBase&)::{lambda()#1}::operator()() const::{lambda()#4}::operator()() const::{lambda(float)#1}, at::detail::Array<char*, 2> >(int, at::native::sqrt_kernel_cuda(at::TensorIteratorBase&)::{lambda()#1}::operator()() const::{lambda()#4}::operator()() const::{lambda(float)#1}, at::detail::Array<char*, 2>)"
4.764705,3360,2164,1,1,1,128,1,1,16,0,0,,,,,Tesla V100-SXM2-16GB (0),1,7,"void at::native::vectorized_elementwise_kernel<4, at::native::BUnaryFunctor<float, float, float, at::native::AddFunctor<float> >, at::detail::Array<char*, 2> >(int, at::native::BUnaryFunctor<float, float, float, at::native::AddFunctor<float> >, at::detail::Array<char*, 2>)"
4.764709,3360,2169,1,1,1,128,1,1,21,0,0,,,,,Tesla V100-SXM2-16GB (0),1,7,"void at::native::vectorized_elementwise_kernel<4, at::native::sqrt_kernel_cuda(at::TensorIteratorBase&)::{lambda()#1}::operator()() const::{lambda()#4}::operator()() const::{lambda(float)#1}, at::detail::Array<char*, 2> >(int, at::native::sqrt_kernel_cuda(at::TensorIteratorBase&)::{lambda()#1}::operator()() const::{lambda()#4}::operator()() const::{lambda(float)#1}, at::detail::Array<char*, 2>)"
4.764713,3392,2174,1,1,1,128,1,1,25,0,0,,,,,Tesla V100-SXM2-16GB (0),1,7,"void at::native::vectorized_elementwise_kernel<4, at::native::BinaryFunctor<float, float, float, at::native::DivFunctor<float> >, at::detail::Array<char*, 3> >(int, at::native::BinaryFunctor<float, float, float, at::native::DivFunctor<float> >, at::detail::Array<char*, 3>)"
4.764717,3200,2179,1,1,1,128,1,1,20,0,0,,,,,Tesla V100-SXM2-16GB (0),1,7,"void at::native::vectorized_elementwise_kernel<4, at::native::BinaryFunctor<float, float, float, at::native::MulFunctor<float> >, at::detail::Array<char*, 3> >(int, at::native::BinaryFunctor<float, float, float, at::native::MulFunctor<float> >, at::detail::Array<char*, 3>)"
4.764721,3200,2184,1,1,1,128,1,1,16,0,0,,,,,Tesla V100-SXM2-16GB (0),1,7,"void at::native::vectorized_elementwise_kernel<4, at::native::BUnaryFunctor<float, float, float, at::native::MulFunctor<float> >, at::detail::Array<char*, 2> >(int, at::native::BUnaryFunctor<float, float, float, at::native::MulFunctor<float> >, at::detail::Array<char*, 2>)"
4.764725,3264,2189,1,1,1,128,1,1,24,0,0,,,,,Tesla V100-SXM2-16GB (0),1,7,"void at::native::vectorized_elementwise_kernel<4, at::native::addcmul_cuda_kernel(at::TensorIteratorBase&, c10::Scalar const&)::{lambda()#1}::operator()() const::{lambda()#8}::operator()() const::{lambda(float, float, float)#1}, at::detail::Array<char*, 4> >(int, at::native::addcmul_cuda_kernel(at::TensorIteratorBase&, c10::Scalar const&)::{lambda()#1}::operator()() const::{lambda()#8}::operator()() const::{lambda(float, float, float)#1}, at::detail::Array<char*, 4>)"
4.764729,3392,2194,1,1,1,128,1,1,20,0,0,,,,,Tesla V100-SXM2-16GB (0),1,7,"void at::native::vectorized_elementwise_kernel<4, at::native::BinaryFunctor<float, float, float, at::native::AddFunctor<float> >, at::detail::Array<char*, 3> >(int, at::native::BinaryFunctor<float, float, float, at::native::AddFunctor<float> >, at::detail::Array<char*, 3>)"
4.764734,3680,2199,3,1,1,128,1,1,16,0,0,,,,,Tesla V100-SXM2-16GB (0),1,7,"void at::native::vectorized_elementwise_kernel<4, at::native::BUnaryFunctor<float, float, float, at::native::MulFunctor<float> >, at::detail::Array<char*, 2> >(int, at::native::BUnaryFunctor<float, float, float, at::native::MulFunctor<float> >, at::detail::Array<char*, 2>)"
4.764738,3488,2204,3,1,1,128,1,1,24,0,0,,,,,Tesla V100-SXM2-16GB (0),1,7,"void at::native::vectorized_elementwise_kernel<4, at::native::addcmul_cuda_kernel(at::TensorIteratorBase&, c10::Scalar const&)::{lambda()#1}::operator()() const::{lambda()#8}::operator()() const::{lambda(float, float, float)#1}, at::detail::Array<char*, 4> >(int, at::native::addcmul_cuda_kernel(at::TensorIteratorBase&, c10::Scalar const&)::{lambda()#1}::operator()() const::{lambda()#8}::operator()() const::{lambda(float, float, float)#1}, at::detail::Array<char*, 4>)"
4.764742,3264,2212,3,1,1,128,1,1,16,0,0,,,,,Tesla V100-SXM2-16GB (0),1,7,"void at::native::vectorized_elementwise_kernel<4, at::native::BUnaryFunctor<float, float, float, at::native::AddFunctor<float> >, at::detail::Array<char*, 2> >(int, at::native::BUnaryFunctor<float, float, float, at::native::AddFunctor<float> >, at::detail::Array<char*, 2>)"
4.764746,4000,2217,3,1,1,128,1,1,21,0,0,,,,,Tesla V100-SXM2-16GB (0),1,7,"void at::native::vectorized_elementwise_kernel<4, at::native::sqrt_kernel_cuda(at::TensorIteratorBase&)::{lambda()#1}::operator()() const::{lambda()#4}::operator()() const::{lambda(float)#1}, at::detail::Array<char*, 2> >(int, at::native::sqrt_kernel_cuda(at::TensorIteratorBase&)::{lambda()#1}::operator()() const::{lambda()#4}::operator()() const::{lambda(float)#1}, at::detail::Array<char*, 2>)"
4.764751,3392,2225,3,1,1,128,1,1,16,0,0,,,,,Tesla V100-SXM2-16GB (0),1,7,"void at::native::vectorized_elementwise_kernel<4, at::native::BUnaryFunctor<float, float, float, at::native::AddFunctor<float> >, at::detail::Array<char*, 2> >(int, at::native::BUnaryFunctor<float, float, float, at::native::AddFunctor<float> >, at::detail::Array<char*, 2>)"
4.764756,3456,2230,3,1,1,128,1,1,21,0,0,,,,,Tesla V100-SXM2-16GB (0),1,7,"void at::native::vectorized_elementwise_kernel<4, at::native::sqrt_kernel_cuda(at::TensorIteratorBase&)::{lambda()#1}::operator()() const::{lambda()#4}::operator()() const::{lambda(float)#1}, at::detail::Array<char*, 2> >(int, at::native::sqrt_kernel_cuda(at::TensorIteratorBase&)::{lambda()#1}::operator()() const::{lambda()#4}::operator()() const::{lambda(float)#1}, at::detail::Array<char*, 2>)"
4.764760,3776,2235,3,1,1,128,1,1,25,0,0,,,,,Tesla V100-SXM2-16GB (0),1,7,"void at::native::vectorized_elementwise_kernel<4, at::native::BinaryFunctor<float, float, float, at::native::DivFunctor<float> >, at::detail::Array<char*, 3> >(int, at::native::BinaryFunctor<float, float, float, at::native::DivFunctor<float> >, at::detail::Array<char*, 3>)"
4.764765,3328,2240,3,1,1,128,1,1,20,0,0,,,,,Tesla V100-SXM2-16GB (0),1,7,"void at::native::vectorized_elementwise_kernel<4, at::native::BinaryFunctor<float, float, float, at::native::MulFunctor<float> >, at::detail::Array<char*, 3> >(int, at::native::BinaryFunctor<float, float, float, at::native::MulFunctor<float> >, at::detail::Array<char*, 3>)"
4.764769,3200,2245,3,1,1,128,1,1,16,0,0,,,,,Tesla V100-SXM2-16GB (0),1,7,"void at::native::vectorized_elementwise_kernel<4, at::native::BUnaryFunctor<float, float, float, at::native::MulFunctor<float> >, at::detail::Array<char*, 2> >(int, at::native::BUnaryFunctor<float, float, float, at::native::MulFunctor<float> >, at::detail::Array<char*, 2>)"
4.764773,3424,2250,3,1,1,128,1,1,24,0,0,,,,,Tesla V100-SXM2-16GB (0),1,7,"void at::native::vectorized_elementwise_kernel<4, at::native::addcmul_cuda_kernel(at::TensorIteratorBase&, c10::Scalar const&)::{lambda()#1}::operator()() const::{lambda()#8}::operator()() const::{lambda(float, float, float)#1}, at::detail::Array<char*, 4> >(int, at::native::addcmul_cuda_kernel(at::TensorIteratorBase&, c10::Scalar const&)::{lambda()#1}::operator()() const::{lambda()#8}::operator()() const::{lambda(float, float, float)#1}, at::detail::Array<char*, 4>)"
4.764777,3552,2255,3,1,1,128,1,1,20,0,0,,,,,Tesla V100-SXM2-16GB (0),1,7,"void at::native::vectorized_elementwise_kernel<4, at::native::BinaryFunctor<float, float, float, at::native::AddFunctor<float> >, at::detail::Array<char*, 3> >(int, at::native::BinaryFunctor<float, float, float, at::native::AddFunctor<float> >, at::detail::Array<char*, 3>)"
4.764781,3264,2260,1,1,1,128,1,1,16,0,0,,,,,Tesla V100-SXM2-16GB (0),1,7,"void at::native::vectorized_elementwise_kernel<4, at::native::BUnaryFunctor<float, float, float, at::native::MulFunctor<float> >, at::detail::Array<char*, 2> >(int, at::native::BUnaryFunctor<float, float, float, at::native::MulFunctor<float> >, at::detail::Array<char*, 2>)"
4.764791,3392,2265,1,1,1,128,1,1,24,0,0,,,,,Tesla V100-SXM2-16GB (0),1,7,"void at::native::vectorized_elementwise_kernel<4, at::native::addcmul_cuda_kernel(at::TensorIteratorBase&, c10::Scalar const&)::{lambda()#1}::operator()() const::{lambda()#8}::operator()() const::{lambda(float, float, float)#1}, at::detail::Array<char*, 4> >(int, at::native::addcmul_cuda_kernel(at::TensorIteratorBase&, c10::Scalar const&)::{lambda()#1}::operator()() const::{lambda()#8}::operator()() const::{lambda(float, float, float)#1}, at::detail::Array<char*, 4>)"
4.764819,3136,2273,1,1,1,128,1,1,16,0,0,,,,,Tesla V100-SXM2-16GB (0),1,7,"void at::native::vectorized_elementwise_kernel<4, at::native::BUnaryFunctor<float, float, float, at::native::AddFunctor<float> >, at::detail::Array<char*, 2> >(int, at::native::BUnaryFunctor<float, float, float, at::native::AddFunctor<float> >, at::detail::Array<char*, 2>)"
4.764831,3328,2278,1,1,1,128,1,1,21,0,0,,,,,Tesla V100-SXM2-16GB (0),1,7,"void at::native::vectorized_elementwise_kernel<4, at::native::sqrt_kernel_cuda(at::TensorIteratorBase&)::{lambda()#1}::operator()() const::{lambda()#4}::operator()() const::{lambda(float)#1}, at::detail::Array<char*, 2> >(int, at::native::sqrt_kernel_cuda(at::TensorIteratorBase&)::{lambda()#1}::operator()() const::{lambda()#4}::operator()() const::{lambda(float)#1}, at::detail::Array<char*, 2>)"
4.764848,3264,2286,1,1,1,128,1,1,16,0,0,,,,,Tesla V100-SXM2-16GB (0),1,7,"void at::native::vectorized_elementwise_kernel<4, at::native::BUnaryFunctor<float, float, float, at::native::AddFunctor<float> >, at::detail::Array<char*, 2> >(int, at::native::BUnaryFunctor<float, float, float, at::native::AddFunctor<float> >, at::detail::Array<char*, 2>)"
4.764859,3456,2291,1,1,1,128,1,1,21,0,0,,,,,Tesla V100-SXM2-16GB (0),1,7,"void at::native::vectorized_elementwise_kernel<4, at::native::sqrt_kernel_cuda(at::TensorIteratorBase&)::{lambda()#1}::operator()() const::{lambda()#4}::operator()() const::{lambda(float)#1}, at::detail::Array<char*, 2> >(int, at::native::sqrt_kernel_cuda(at::TensorIteratorBase&)::{lambda()#1}::operator()() const::{lambda()#4}::operator()() const::{lambda(float)#1}, at::detail::Array<char*, 2>)"
4.764870,3392,2296,1,1,1,128,1,1,25,0,0,,,,,Tesla V100-SXM2-16GB (0),1,7,"void at::native::vectorized_elementwise_kernel<4, at::native::BinaryFunctor<float, float, float, at::native::DivFunctor<float> >, at::detail::Array<char*, 3> >(int, at::native::BinaryFunctor<float, float, float, at::native::DivFunctor<float> >, at::detail::Array<char*, 3>)"
4.764882,3232,2301,1,1,1,128,1,1,20,0,0,,,,,Tesla V100-SXM2-16GB (0),1,7,"void at::native::vectorized_elementwise_kernel<4, at::native::BinaryFunctor<float, float, float, at::native::MulFunctor<float> >, at::detail::Array<char*, 3> >(int, at::native::BinaryFunctor<float, float, float, at::native::MulFunctor<float> >, at::detail::Array<char*, 3>)"
4.764896,3136,2306,1,1,1,128,1,1,16,0,0,,,,,Tesla V100-SXM2-16GB (0),1,7,"void at::native::vectorized_elementwise_kernel<4, at::native::BUnaryFunctor<float, float, float, at::native::MulFunctor<float> >, at::detail::Array<char*, 2> >(int, at::native::BUnaryFunctor<float, float, float, at::native::MulFunctor<float> >, at::detail::Array<char*, 2>)"
4.764916,3232,2311,1,1,1,128,1,1,24,0,0,,,,,Tesla V100-SXM2-16GB (0),1,7,"void at::native::vectorized_elementwise_kernel<4, at::native::addcmul_cuda_kernel(at::TensorIteratorBase&, c10::Scalar const&)::{lambda()#1}::operator()() const::{lambda()#8}::operator()() const::{lambda(float, float, float)#1}, at::detail::Array<char*, 4> >(int, at::native::addcmul_cuda_kernel(at::TensorIteratorBase&, c10::Scalar const&)::{lambda()#1}::operator()() const::{lambda()#8}::operator()() const::{lambda(float, float, float)#1}, at::detail::Array<char*, 4>)"
4.764933,3328,2316,1,1,1,128,1,1,20,0,0,,,,,Tesla V100-SXM2-16GB (0),1,7,"void at::native::vectorized_elementwise_kernel<4, at::native::BinaryFunctor<float, float, float, at::native::AddFunctor<float> >, at::detail::Array<char*, 3> >(int, at::native::BinaryFunctor<float, float, float, at::native::AddFunctor<float> >, at::detail::Array<char*, 3>)"
4.765081,3584,2322,,,,,,,,,,4,1.116,Device,Pageable,Tesla V100-SXM2-16GB (0),1,7,[CUDA memcpy DtoH]
